City_ID,City,Country,Lat,Lng,Max Temp,Humidity,Cloudiness,Wind Speed,Weather Description
0,Port Blair,IN,11.6667,92.75,82.69,82,100,21.09,overcast clouds
1,Chuy,UY,-33.6971,-53.4616,58.3,91,9,4.97,light rain
2,Tuktoyaktuk,CA,69.4541,-133.0374,59.0,47,75,14.97,broken clouds
3,Tooele,US,40.5308,-112.2983,88.45,47,1,0.0,clear sky
4,Vaini,TO,-21.2,-175.2,82.56,83,20,6.91,few clouds
5,Lebu,CL,-37.6167,-73.65,48.78,82,100,8.55,overcast clouds
6,Port Alfred,ZA,-33.5906,26.891,50.11,68,41,6.33,scattered clouds
7,Ushuaia,AR,-54.8,-68.3,37.06,75,90,9.22,overcast clouds
8,Albany,US,42.6001,-73.9662,62.92,88,0,3.69,clear sky
9,Bethel,US,41.3712,-73.414,69.58,85,25,3.76,scattered clouds
10,Half Moon Bay,US,37.4636,-122.4286,78.75,78,20,16.11,few clouds
11,Hirara,JP,24.8,125.2833,84.47,94,75,41.43,broken clouds
12,Zhaotong,CN,27.3167,103.7167,70.11,79,96,2.91,overcast clouds
13,Atuona,PF,-9.8,-139.0333,77.43,77,41,10.78,scattered clouds
14,Medicine Hat,CA,50.0501,-110.6683,81.03,22,20,1.01,smoke
15,Saint-Philippe,RE,-21.3585,55.7679,65.79,71,35,5.48,scattered clouds
16,Victoria,HK,22.2855,114.1577,92.97,80,4,1.01,clear sky
17,Constitucion,CL,-35.3333,-72.4167,51.71,83,91,5.28,overcast clouds
18,Bredasdorp,ZA,-34.5322,20.0403,46.27,87,0,4.61,clear sky
19,Nikolskoye,RU,59.7035,30.7861,56.79,71,94,3.47,overcast clouds
20,Butaritari,KI,3.0707,172.7902,83.59,76,11,17.18,light rain
21,Bambous Virieux,MU,-20.3428,57.7575,68.22,94,75,5.75,light intensity shower rain
22,Vieques,PR,18.425,-65.8329,82.9,83,40,8.05,scattered clouds
23,Pundaguitan,PH,6.3711,126.1689,84.94,72,18,15.19,few clouds
24,Castro,BR,-24.7911,-50.0119,50.13,80,0,3.09,clear sky
25,Lakes Entrance,AU,-37.8811,147.981,61.18,47,8,11.34,clear sky
26,Santa Barbara,US,34.7333,-120.0343,73.35,62,1,5.75,clear sky
27,Riyadh,SA,24.6877,46.7219,86.14,22,31,3.83,scattered clouds
28,Ilulissat,GL,69.2167,-51.1,37.51,92,100,7.29,overcast clouds
29,Murupara,NZ,-38.4667,176.7,57.56,58,44,2.33,scattered clouds
30,Rabak,SD,13.1809,32.74,77.92,75,98,10.78,overcast clouds
31,Barrow,US,71.2906,-156.7887,36.86,87,100,9.84,overcast clouds
32,Rikitea,PF,-23.1203,-134.9692,70.21,56,8,9.4,clear sky
33,Port Elizabeth,ZA,-33.918,25.5701,41.29,87,0,0.0,clear sky
34,Arraial Do Cabo,BR,-22.9661,-42.0278,68.76,71,0,19.53,clear sky
35,Hermanus,ZA,-34.4187,19.2345,47.89,62,0,9.98,clear sky
36,Ginda,IN,30.6945,78.4932,74.55,76,16,2.51,few clouds
37,Kapaa,US,22.0752,-159.319,82.38,83,77,1.01,moderate rain
38,Key West,US,24.5557,-81.7826,86.0,76,40,5.75,scattered clouds
39,Sisimiut,GL,66.9395,-53.6735,40.55,96,100,8.52,heavy intensity rain
40,Caravelas,BR,-17.7125,-39.2481,69.66,73,47,7.16,scattered clouds
41,Sierra Vista,US,31.5545,-110.3037,73.27,69,75,7.0,broken clouds
42,Verkhnevilyuysk,RU,63.4453,120.3167,73.54,53,94,5.21,overcast clouds
43,Amapa,BR,1.0,-52.0,69.84,96,29,1.88,scattered clouds
44,Muros,ES,42.7762,-9.0603,65.23,89,23,4.5,few clouds
45,Roebourne,AU,-20.7833,117.1333,79.25,31,2,18.28,clear sky
46,Hilo,US,19.7297,-155.09,78.53,86,90,11.5,light rain
47,Mindelo,CV,16.8901,-24.9804,74.75,64,40,13.8,scattered clouds
48,Santa Vitoria Do Palmar,BR,-33.5189,-53.3681,58.64,91,5,5.12,clear sky
49,Bluff,NZ,-46.6,168.3333,55.8,67,56,5.93,broken clouds
50,Lata,PT,40.1629,-8.3327,60.82,98,45,2.53,scattered clouds
51,Northam,GB,51.0333,-4.2167,63.3,93,100,18.23,light rain
52,Hithadhoo,MV,-0.6,73.0833,81.07,74,81,1.77,broken clouds
53,Punta Arenas,CL,-53.15,-70.9167,39.31,81,0,31.07,light rain
54,Kutum,SD,14.2,24.6667,72.12,75,100,13.2,overcast clouds
55,Suez,EG,29.9737,32.5263,72.39,75,0,4.09,clear sky
56,Ginir,ET,7.1333,40.7,56.64,83,94,8.21,overcast clouds
57,Mount Gambier,AU,-37.8333,140.7667,49.91,81,40,14.97,light rain
58,Yellowknife,CA,62.456,-114.3525,64.33,100,75,0.0,light intensity shower rain
59,Pierre,US,44.3683,-100.351,81.86,60,88,1.99,overcast clouds
60,Mitsamiouli,KM,-11.3847,43.2844,76.84,70,0,19.48,clear sky
61,San Vicente De Canete,PE,-13.0751,-76.3835,61.77,88,59,5.66,broken clouds
62,Puerto Ayora,EC,-0.7393,-90.3518,71.55,86,60,5.01,broken clouds
63,Muncar,ID,-8.4333,114.3333,83.17,58,7,8.39,clear sky
64,San Rafael Del Sur,NI,11.8485,-86.4384,83.37,62,100,10.87,overcast clouds
65,Torbay,CA,47.6666,-52.7314,57.76,97,90,0.0,overcast clouds
66,Iqaluit,CA,63.7506,-68.5145,49.73,71,75,8.01,broken clouds
67,East London,ZA,-33.0153,27.9116,52.29,61,88,3.67,overcast clouds
68,Matay,EG,28.419,30.7792,76.37,56,0,6.29,clear sky
69,Longyearbyen,SJ,78.2186,15.6401,44.44,87,75,10.36,broken clouds
70,Westport,US,41.1415,-73.3579,73.85,81,43,1.99,scattered clouds
71,Busselton,AU,-33.65,115.3333,58.08,72,100,14.14,overcast clouds
72,Port Hardy,CA,50.6996,-127.4199,60.98,94,90,0.0,light rain
73,Ponta Do Sol,PT,32.6667,-17.1,72.01,77,1,6.24,clear sky
74,Sioux Lookout,CA,50.1001,-91.917,77.38,94,40,8.05,scattered clouds
75,Itatskiy,RU,56.07,89.0369,69.39,62,81,7.52,broken clouds
76,Deer Lake,CA,49.1667,-57.4316,49.86,100,90,9.22,mist
77,Hobart,AU,-42.8794,147.3294,55.26,62,75,3.0,broken clouds
78,Balakovo,RU,52.0278,47.8007,65.12,57,3,4.76,clear sky
79,Mataura,NZ,-46.1927,168.8643,55.47,72,18,4.52,few clouds
80,Springbok,ZA,-29.6643,17.8865,41.67,30,0,13.44,clear sky
81,Souillac,MU,-20.5167,57.5167,68.36,94,75,5.75,light intensity shower rain
82,Avera,US,33.194,-82.5271,81.72,67,10,4.09,clear sky
83,Sindor,RU,62.8629,51.8905,47.35,96,100,8.86,overcast clouds
84,Miri,MY,4.4148,114.0089,86.14,62,40,10.36,scattered clouds
85,Aklavik,CA,68.2191,-135.0107,67.03,30,38,5.48,scattered clouds
86,Buriti Bravo,BR,-5.8372,-43.8336,69.75,43,6,4.76,clear sky
87,Wanaka,NZ,-44.7,169.15,46.18,80,13,1.36,few clouds
88,Kodinsk,RU,58.6881,99.1844,79.95,41,6,5.14,clear sky
89,Khatanga,RU,71.9667,102.5,58.77,52,99,5.97,overcast clouds
90,Maragogi,BR,-9.0122,-35.2225,74.01,78,26,11.7,scattered clouds
91,Luderitz,NA,-26.6481,15.1594,62.37,24,13,21.45,few clouds
92,Dubai,AE,25.2582,55.3047,98.22,36,4,6.91,clear sky
93,General Roca,AR,-39.0333,-67.5833,46.8,45,98,8.39,overcast clouds
94,Ayorou,NE,14.7308,0.9174,81.46,65,98,13.09,overcast clouds
95,Hollins,US,37.3413,-79.9431,73.44,77,21,1.39,few clouds
96,Cascais,PT,38.6979,-9.4215,64.62,75,4,4.0,clear sky
97,Georgetown,MY,5.4112,100.3354,88.9,76,20,1.99,few clouds
98,Sisophon,KH,13.5859,102.9737,78.53,83,100,8.75,moderate rain
99,Oga,IT,46.4631,10.347,58.69,91,98,3.18,overcast clouds
100,Novosil,RU,52.9739,37.0405,56.93,85,33,5.88,scattered clouds
101,Qaanaaq,GL,77.484,-69.3632,38.95,77,87,1.07,overcast clouds
102,Nueva Guinea,NI,11.6876,-84.4562,74.35,90,100,10.04,light rain
103,Effingham,US,32.3669,-81.3332,82.29,87,19,4.9,few clouds
104,Chumikan,RU,54.7183,135.315,62.01,82,98,11.5,overcast clouds
105,Ancud,CL,-41.8697,-73.8203,36.93,81,0,7.61,clear sky
106,Jamestown,US,42.097,-79.2353,65.84,71,1,1.99,clear sky
107,Hearst,CA,49.6835,-83.6665,73.65,68,99,7.16,overcast clouds
108,Ewa Beach,US,21.3156,-158.0072,83.98,63,40,24.0,scattered clouds
109,Quatre Cocos,MU,-20.2078,57.7625,68.09,73,44,12.01,scattered clouds
110,Oktyabrskiy,RU,54.4815,53.471,66.47,54,63,3.27,broken clouds
111,Cabo San Lucas,MX,22.8909,-109.9124,92.5,72,0,5.99,clear sky
112,Esperance,AU,-33.8667,121.9,55.24,75,93,21.07,light rain
113,Laguna,US,38.421,-121.4238,98.42,15,1,9.22,clear sky
114,Upernavik,GL,72.7868,-56.1549,38.55,97,100,11.88,overcast clouds
115,Seda,LV,57.65,25.75,52.32,89,8,2.98,clear sky
116,Beyneu,KZ,45.3167,55.2,83.8,43,7,10.51,clear sky
117,Dikson,RU,73.5069,80.5464,43.9,78,100,27.36,light rain
118,Freetown,SL,8.484,-13.2299,74.93,96,100,11.83,heavy intensity rain
119,Usinsk,RU,65.9939,57.5281,54.19,79,100,9.82,overcast clouds
120,Lompoc,US,34.6391,-120.4579,72.57,88,90,1.99,overcast clouds
121,Eganville,CA,45.5334,-77.0994,69.35,69,1,3.96,clear sky
122,Kidal,ML,18.4411,1.4078,87.8,42,97,12.75,overcast clouds
123,Filingue,NE,14.3521,3.3168,82.96,62,100,16.24,overcast clouds
124,Moerai,PF,-22.4333,-151.3333,72.34,63,88,10.58,overcast clouds
125,Mahebourg,MU,-20.4081,57.7,68.25,94,75,5.75,light intensity shower rain
126,Havoysund,NO,70.9963,24.6622,45.48,93,100,26.89,overcast clouds
127,Mar Del Plata,AR,-38.0023,-57.5575,51.13,66,0,20.0,clear sky
128,Namibe,AO,-15.1961,12.1522,64.15,83,0,3.74,clear sky
129,Alofi,NU,-19.0595,-169.9187,80.49,83,16,10.36,few clouds
130,Kavieng,PG,-2.5744,150.7967,84.96,72,100,14.36,overcast clouds
131,San Patricio,US,28.017,-97.5169,84.29,77,0,13.22,clear sky
132,Kushmurun,KZ,52.4503,64.6311,75.31,57,100,8.9,overcast clouds
133,Vostok,RU,46.4856,135.8833,90.88,42,100,4.81,overcast clouds
134,New Norfolk,AU,-42.7826,147.0587,54.9,63,95,10.54,overcast clouds
135,Norman Wells,CA,65.282,-126.8329,60.84,72,90,6.91,overcast clouds
136,Cape Town,ZA,-33.9258,18.4232,48.11,86,0,3.44,clear sky
137,Kargil,IN,34.5667,76.1,62.73,49,12,2.75,few clouds
138,Fairbanks,US,64.8378,-147.7164,72.1,78,75,8.05,moderate rain
139,Nsoko,SZ,-27.0333,31.95,46.04,67,3,4.92,clear sky
140,Turukhansk,RU,65.8167,87.9833,76.68,55,39,21.56,scattered clouds
141,Sitka,US,57.0531,-135.33,54.46,97,100,3.56,moderate rain
142,Saint George,US,37.1041,-113.5841,88.39,39,75,11.99,broken clouds
143,Kondinskoye,RU,59.6481,67.41,63.52,70,100,4.03,overcast clouds
144,Carnarvon,AU,-24.8667,113.6333,64.47,51,77,16.11,broken clouds
145,Tilichiki,RU,60.4667,166.1,59.45,72,99,7.43,overcast clouds
146,Auki,SB,-8.7676,160.7034,83.39,75,38,1.54,scattered clouds
147,Los Llanos De Aridane,ES,28.6585,-17.9182,67.75,93,0,13.8,clear sky
148,Nanortalik,GL,60.1432,-45.2371,41.97,90,74,10.87,broken clouds
149,Moron,AR,-34.6534,-58.6198,62.98,80,100,4.59,overcast clouds
150,Portland,US,45.5234,-122.6762,83.57,44,0,3.0,clear sky
151,Fortuna,US,40.5982,-124.1573,60.93,75,1,1.99,clear sky
152,Mandalgovi,MN,45.7625,106.2708,71.64,36,100,1.77,light rain
153,La Ronge,CA,55.1001,-105.2842,64.65,59,40,8.05,scattered clouds
154,Tateyama,JP,34.9833,139.8667,90.14,70,22,3.91,few clouds
155,Clyde River,CA,70.4692,-68.5914,35.83,87,40,11.5,scattered clouds
156,Yulara,AU,-25.2406,130.9889,62.44,31,93,11.5,overcast clouds
157,Tiksi,RU,71.6872,128.8694,45.77,80,58,9.57,broken clouds
158,Avarua,CK,-21.2078,-159.775,77.05,69,0,11.5,clear sky
159,Lexington,US,37.9887,-84.4777,71.89,69,1,5.75,clear sky
160,Kentau,KZ,43.5206,68.5094,92.26,18,0,6.04,clear sky
161,Pisco,PE,-13.7,-76.2167,62.65,77,90,14.97,overcast clouds
162,Kyra,RU,49.5776,111.9753,70.66,45,28,14.07,scattered clouds
163,Saint Anthony,US,45.0205,-93.218,86.25,73,20,1.99,few clouds
164,Nemuro,JP,43.3236,145.575,81.03,90,77,13.22,broken clouds
165,Kiunga,PG,-6.1219,141.2906,77.7,91,100,1.21,overcast clouds
166,Deputatskiy,RU,69.3,139.9,63.39,48,89,10.47,overcast clouds
167,Gravdal,NO,68.1214,13.5031,52.02,97,100,14.54,light rain
168,Valley City,US,46.9233,-98.0032,84.72,61,40,12.66,scattered clouds
169,Airai,TL,-8.9266,125.4092,77.32,20,57,4.83,broken clouds
170,Shushtar,IR,32.0455,48.8567,96.51,19,0,5.61,clear sky
171,Puerto Escondido,MX,15.85,-97.0667,81.95,78,66,6.13,broken clouds
172,Ndele,CF,8.4109,20.6473,68.16,97,99,2.35,light rain
173,Saskylakh,RU,71.9167,114.0833,56.95,69,96,15.41,overcast clouds
174,Gold Coast,AU,-28.0,153.4333,72.34,52,40,8.01,scattered clouds
175,Cleburne,US,32.3476,-97.3867,87.82,64,1,8.05,clear sky
176,Saquarema,BR,-22.92,-42.5103,68.02,84,0,12.88,clear sky
177,Peniche,PT,39.3558,-9.3811,64.72,92,45,8.86,scattered clouds
178,Omboue,GA,-1.5746,9.2618,72.59,81,100,4.52,overcast clouds
179,Qingdao,CN,36.0986,120.3719,91.0,55,40,4.47,scattered clouds
180,Newport,GB,51.5877,-2.9984,63.09,87,100,16.82,light rain
181,Bonnyville,CA,54.2668,-110.735,71.4,42,32,15.17,scattered clouds
182,Ascope,PE,-7.7144,-79.1078,64.99,84,63,4.47,broken clouds
183,Geraldton,AU,-28.7667,114.6,61.21,88,90,8.05,overcast clouds
184,Hvolsvollur,IS,63.7533,-20.2243,53.82,98,100,10.74,light rain
185,Bengkulu,ID,-3.8004,102.2655,83.39,66,96,1.21,overcast clouds
186,Praia Da Vitoria,PT,38.7333,-27.0667,71.85,94,75,11.01,broken clouds
187,Tasiilaq,GL,65.6145,-37.6368,38.12,99,100,1.88,light rain
188,Nortelandia,BR,-14.4547,-56.8028,71.87,45,4,4.43,clear sky
189,Kahului,US,20.8947,-156.47,83.46,81,25,11.99,scattered clouds
190,Pallasovka,RU,50.05,46.8833,68.16,45,0,4.65,clear sky
191,Mut,TR,36.6439,33.4389,72.77,42,0,8.19,clear sky
192,Miraflores,MX,19.2167,-98.8083,66.87,77,38,2.68,scattered clouds
193,Touros,BR,-5.1989,-35.4608,74.3,83,20,15.48,few clouds
194,El Alto,PE,-4.2714,-81.2147,62.94,85,50,15.93,scattered clouds
195,Faya,SA,18.3851,42.4509,61.32,63,100,3.8,overcast clouds
196,Kruisfontein,ZA,-34.0033,24.7314,40.89,80,2,5.79,clear sky
197,Florida,US,28.7505,-82.5001,78.01,67,75,3.44,broken clouds
198,Lufilufi,WS,-13.8745,-171.5986,89.38,79,0,18.72,light rain
199,Broken Hill,AU,-31.95,141.4333,55.11,50,9,23.02,clear sky
200,Ibra,OM,22.6906,58.5334,85.08,61,94,2.95,overcast clouds
201,Udarnyy,RU,54.3409,42.8611,56.05,80,7,4.72,clear sky
202,Komsomolskiy,UZ,40.4272,71.7189,86.72,30,0,0.0,clear sky
203,Paamiut,GL,61.994,-49.6678,42.6,91,100,13.22,light rain
204,Sovetskiy,RU,61.3614,63.5842,59.41,72,46,6.93,scattered clouds
205,Muswellbrook,AU,-32.2667,150.9,52.99,73,71,13.35,broken clouds
206,Matagami,CA,49.7502,-77.6328,59.11,82,1,2.3,clear sky
207,Cidreira,BR,-30.1811,-50.2056,59.85,81,0,5.68,clear sky
208,Krasnoselkup,RU,65.7,82.4667,63.39,67,97,15.39,overcast clouds
209,Sao Filipe,CV,14.8961,-24.4956,73.71,75,16,9.89,few clouds
210,Kulu,TR,39.0951,33.0799,62.42,63,5,9.73,clear sky
211,Flinders,AU,-34.5833,150.8552,63.21,62,67,16.53,broken clouds
212,Grindavik,IS,63.8424,-22.4338,55.9,100,90,19.57,drizzle
213,Gat,IL,31.61,34.7642,77.68,100,61,9.62,broken clouds
214,Codrington,AU,-38.2667,141.9667,52.61,71,36,16.53,light rain
215,Namatanai,PG,-3.6667,152.4333,84.61,70,60,8.21,broken clouds
216,Camacupa,AO,-12.0167,17.4833,48.47,31,45,5.44,scattered clouds
217,Challans,FR,46.8436,-1.8749,64.96,82,36,17.09,scattered clouds
218,Kodiak,US,57.79,-152.4072,51.49,96,100,9.17,overcast clouds
219,Sehithwa,BW,-20.4667,22.7167,41.76,26,0,7.02,clear sky
220,Sao Joao Da Barra,BR,-21.6403,-41.0511,67.17,70,0,7.2,clear sky
221,Beringovskiy,RU,63.05,179.3167,52.68,87,100,7.31,overcast clouds
222,Gazanjyk,TM,39.2446,55.5154,85.89,59,0,8.75,clear sky
223,Iskateley,RU,67.6803,53.1512,46.8,65,100,5.32,overcast clouds
224,Bukama,CD,-9.2,25.85,67.96,45,31,2.44,scattered clouds
225,Sur,OM,22.5667,59.5289,89.6,60,86,11.65,overcast clouds
226,Quetta,PK,30.199,67.0097,78.35,45,68,1.99,broken clouds
227,The Valley,AI,18.217,-63.0578,82.26,83,2,23.42,clear sky
228,Wiang Sa,TH,8.6359,99.3666,90.66,78,100,7.14,overcast clouds
229,Miura,JP,35.14,139.6192,92.14,69,9,2.26,clear sky
230,Isla Aguada,MX,18.7833,-91.4667,82.69,80,100,12.01,overcast clouds
231,Ojinaga,MX,29.5667,-104.4167,90.55,29,1,4.61,clear sky
232,Pemangkat,ID,1.1667,108.9667,85.68,69,81,9.26,broken clouds
233,Volokonovka,RU,50.4827,37.8563,63.93,70,63,5.3,broken clouds
234,Nuuk,GL,64.1835,-51.7216,41.88,86,100,35.01,moderate rain
235,Beipiao,CN,41.7919,120.7792,87.64,50,1,15.41,clear sky
236,Nabire,ID,-3.3667,135.4833,78.76,81,100,1.21,overcast clouds
237,Nakhon Phanom,TH,17.3333,104.4167,78.48,94,100,15.9,light rain
238,Chokurdakh,RU,70.6333,147.9167,48.78,57,98,14.43,overcast clouds
239,Balsas,BR,-7.5325,-46.0356,74.08,48,0,6.29,clear sky
240,Nadym,RU,65.5333,72.5167,58.53,69,100,9.4,overcast clouds
241,Corcoran,US,36.098,-119.5604,97.41,15,6,13.27,clear sky
242,Hofn,IS,64.2539,-15.2082,53.4,99,100,5.79,overcast clouds
243,Flagstaff,US,35.1981,-111.6513,59.79,94,90,5.99,moderate rain
244,Nantucket,US,41.2835,-70.0995,68.97,77,1,0.0,clear sky
245,Qandala,SO,11.472,49.8728,89.29,46,91,23.15,overcast clouds
246,Homer,US,59.6425,-151.5483,64.08,86,93,5.99,overcast clouds
247,Algodones,MX,20.3888,-105.4773,82.94,89,48,2.42,scattered clouds
248,Coahuayana,MX,18.7333,-103.6833,79.63,93,57,0.27,broken clouds
249,Linhares,BR,-19.3911,-40.0722,66.0,72,88,4.18,overcast clouds
250,Ballina,AU,-28.8667,153.5667,71.78,46,0,17.27,clear sky
251,Termoli,IT,41.9888,14.9895,77.27,58,0,3.65,clear sky
252,Zielona Gora,PL,51.9355,15.5064,63.97,37,37,4.47,scattered clouds
253,Dawei,MM,14.0833,98.2,77.95,95,100,10.09,light rain
254,Miranda,CO,3.2499,-76.2281,69.93,73,100,4.68,overcast clouds
255,Ust-Uda,RU,54.1742,103.0304,71.67,48,0,4.41,clear sky
256,Boguchany,RU,58.3814,97.4531,79.5,41,7,5.12,clear sky
257,Katsuura,JP,35.1333,140.3,87.91,69,14,10.02,few clouds
258,Nishihara,JP,26.1842,127.7558,82.06,94,90,35.68,light intensity shower rain
259,Lazaro Cardenas,MX,17.9583,-102.2,81.36,83,97,1.48,overcast clouds
260,Mae Hong Son,TH,19.3003,97.9685,80.74,78,75,0.0,broken clouds
261,Xingtai,CN,37.0631,114.4942,84.6,69,9,4.79,light rain
262,Faanui,PF,-16.4833,-151.75,78.13,67,26,12.35,scattered clouds
263,Trat,TH,12.5,102.5,84.4,93,100,8.77,overcast clouds
264,Te Anau,NZ,-45.4167,167.7167,51.37,73,44,2.28,light rain
265,Alice Springs,AU,-23.7,133.8833,62.15,29,49,11.5,scattered clouds
266,Sao Felix Do Xingu,BR,-6.6447,-51.995,70.99,54,73,1.81,broken clouds
267,Awbari,LY,26.5921,12.7805,76.71,23,0,9.44,clear sky
268,Bouillante,GP,16.1304,-61.7692,78.03,83,51,12.39,broken clouds
269,Pevek,RU,69.7008,170.3133,39.6,94,94,4.81,overcast clouds
270,Tigil,RU,57.8,158.6667,62.78,78,100,6.55,overcast clouds
271,Richards Bay,ZA,-28.783,32.0377,55.89,56,100,13.85,light rain
272,Thompson,CA,55.7435,-97.8558,62.76,77,75,12.66,broken clouds
273,Vila Franca Do Campo,PT,37.7167,-25.4333,70.21,94,94,6.29,overcast clouds
274,Shenzhen,CN,22.5455,114.0683,91.22,95,4,4.85,clear sky
275,Marawi,PH,7.9986,124.2928,83.79,50,11,7.47,light rain
276,Kasangulu,CD,-4.5911,15.1708,67.08,79,76,3.09,broken clouds
277,Eseka,CM,3.65,10.7667,70.3,100,93,1.25,overcast clouds
278,Dunedin,NZ,-45.8742,170.5036,52.81,50,12,13.0,few clouds
279,San Francisco De Macoris,DO,19.2952,-70.2554,80.6,95,8,2.04,clear sky
280,Warrnambool,AU,-38.3833,142.4833,52.81,70,37,18.72,scattered clouds
281,Mehamn,NO,71.0357,27.8492,44.67,89,100,33.35,overcast clouds
282,Waipawa,NZ,-41.4122,175.5153,56.03,67,0,6.08,clear sky
283,San Quintin,MX,30.4833,-115.95,69.51,83,83,9.33,broken clouds
284,Poum,NC,-20.2333,164.0167,74.37,80,0,9.13,clear sky
285,Dukat,RU,62.55,155.55,50.34,88,100,1.79,overcast clouds
286,Batagay-Alyta,RU,67.8006,130.4114,72.82,40,14,6.35,few clouds
287,Tazovskiy,RU,67.4667,78.7,50.92,80,100,21.05,overcast clouds
288,Leh,IN,34.1667,77.5833,66.07,46,13,3.33,few clouds
289,Morehead,US,37.2711,-87.1764,76.14,95,1,0.0,clear sky
290,Tecolutla,MX,20.4833,-97.0167,79.9,86,4,8.7,clear sky
291,Petropavlovsk-Kamchatskiy,RU,53.0452,158.6483,70.39,60,75,6.71,broken clouds
292,Ribeira Grande,PT,38.5167,-28.7,70.92,95,84,7.72,broken clouds
293,Paraopeba,BR,-19.2757,-44.4033,61.95,68,2,5.26,clear sky
294,Cherskiy,RU,68.75,161.3,53.15,57,93,11.05,overcast clouds
295,Zambezi,ZM,-13.5432,23.1047,49.71,51,97,4.25,overcast clouds
296,Buta,CD,2.7858,24.73,68.9,100,100,1.25,light rain
297,Blyth,GB,55.1271,-1.5086,61.36,83,90,4.61,overcast clouds
298,Noyabrsk,RU,63.1994,75.4507,58.77,76,85,7.47,overcast clouds
299,Qaqortoq,GL,60.7167,-46.0333,43.21,85,49,2.3,scattered clouds
300,Revda,RU,56.801,59.9303,56.21,69,100,1.95,overcast clouds
301,Paka,MY,4.6374,103.4368,82.33,83,20,4.61,light rain
302,Hudson Bay,CA,52.85,-102.3842,71.6,37,52,12.03,broken clouds
303,Sarab,IR,38.6066,44.9883,75.07,51,0,4.34,clear sky
304,Adrar,MR,20.5022,-10.0711,87.85,22,51,13.15,broken clouds
305,Goderich,CA,43.7501,-81.7165,68.32,77,100,4.61,overcast clouds
306,Kardla,EE,58.9978,22.7492,58.48,69,2,7.4,clear sky
307,Kushima,JP,31.4583,131.2333,86.04,86,100,12.77,overcast clouds
308,Lasa,IT,46.6166,10.7002,65.28,76,98,2.75,overcast clouds
309,Tramore,IE,52.1624,-7.1524,64.63,74,99,4.0,overcast clouds
310,Marrakesh,MA,31.6315,-8.0083,84.27,45,40,4.61,scattered clouds
311,Zhigansk,RU,66.7697,123.3711,73.81,38,92,10.94,overcast clouds
312,Formosa,AR,-26.1775,-58.1781,64.38,68,0,6.91,clear sky
313,Plouzane,FR,48.3833,-4.6167,61.12,94,90,18.41,overcast clouds
314,Salalah,OM,17.0151,54.0924,77.5,96,100,12.59,overcast clouds
315,Leningradskiy,RU,69.3833,178.4167,38.77,83,99,5.37,overcast clouds
316,Belaya Gora,RU,68.5333,146.4167,67.93,35,71,7.52,broken clouds
317,Elliot Lake,CA,46.3834,-82.6331,64.49,80,100,5.28,overcast clouds
318,Spirovo,RU,57.419,34.9766,53.98,73,100,4.61,overcast clouds
319,Alenquer,BR,-1.9417,-54.7383,75.54,69,77,3.62,broken clouds
320,Narsaq,GL,60.9167,-46.05,45.37,75,52,1.68,broken clouds
321,Provideniya,RU,64.3833,-173.3,54.63,73,100,7.45,overcast clouds
322,Sakakah,SA,29.9697,40.2064,83.77,37,0,8.19,clear sky
323,Maryville,US,35.7565,-83.9705,79.0,83,0,2.39,clear sky
324,Harper,LR,4.375,-7.7169,74.62,75,100,6.42,overcast clouds
325,Loanda,AO,-8.8368,13.2343,69.8,88,40,4.61,scattered clouds
326,San Andres,CO,12.5847,-81.7006,82.42,83,75,14.97,broken clouds
327,Hambantota,LK,6.1241,81.1185,80.94,89,75,12.66,broken clouds
328,Aksarka,RU,66.5606,67.7975,57.15,68,36,9.42,scattered clouds
329,Isangel,VU,-19.55,169.2667,86.11,66,75,0.0,broken clouds
330,Coquimbo,CL,-29.9533,-71.3436,53.33,82,90,2.3,overcast clouds
331,Abu Zabad,SD,12.35,29.25,79.54,63,100,5.64,overcast clouds
332,Christchurch,NZ,-43.5333,172.6333,53.01,75,0,4.0,clear sky
333,Vardo,NO,70.3705,31.1107,46.15,82,100,36.33,overcast clouds
334,Bambanglipuro,ID,-7.95,110.2833,82.72,61,12,13.02,few clouds
335,Dong Xoai,VN,11.5333,106.9167,79.16,90,100,8.9,overcast clouds
336,Bandarbeyla,SO,9.4942,50.8122,78.6,63,43,31.07,scattered clouds
337,Cabedelo,BR,-6.9811,-34.8339,72.27,83,1,14.92,clear sky
338,Henties Bay,NA,-22.116,14.2845,67.86,19,3,19.42,clear sky
339,Lavrentiya,RU,65.5833,-171.0,53.53,69,6,9.28,clear sky
340,Praya,CV,14.9215,-23.5087,75.74,69,75,9.22,broken clouds
341,Sorland,NO,67.667,12.6934,52.3,97,100,19.62,light rain
342,Desna,UA,50.9273,30.7605,64.92,69,100,5.91,overcast clouds
343,Ghanzi,BW,-21.5667,21.7833,38.08,28,0,8.41,clear sky
344,Petersburg,US,37.2279,-77.4019,75.85,89,1,0.0,clear sky
345,Ketchikan,US,55.3422,-131.6461,54.5,98,100,2.77,moderate rain
346,Kolokani,ML,13.5728,-8.0339,75.04,82,34,6.29,scattered clouds
347,Meshcherino,RU,55.1957,38.36,57.02,72,83,5.46,broken clouds
348,Olafsvik,IS,64.8945,-23.7142,52.5,98,100,10.36,overcast clouds
349,Elko,US,41.0002,-115.5012,87.75,10,82,11.01,broken clouds
350,Grand Gaube,MU,-20.0064,57.6608,68.38,77,32,3.0,scattered clouds
351,Warri,NG,5.5167,5.75,72.72,87,90,4.09,overcast clouds
352,Dubrovytsya,UA,51.5744,26.565,60.96,81,54,1.57,broken clouds
353,Barentu,ER,15.1139,37.5928,67.32,88,100,5.68,overcast clouds
354,Oranjemund,NA,-28.55,16.4333,57.13,28,4,17.13,clear sky
355,Tugulym,RU,57.0591,64.6425,60.87,97,99,3.65,light rain
356,Kalat,PK,29.0225,66.5916,73.72,46,76,3.27,broken clouds
357,Ulladulla,AU,-35.35,150.4667,61.88,56,65,15.57,broken clouds
358,Nongan,CN,44.382,125.1685,88.21,47,14,16.2,few clouds
359,Port-Gentil,GA,-0.7193,8.7815,74.46,80,100,10.65,overcast clouds
360,Kalmunai,LK,7.4167,81.8167,84.27,61,91,8.68,overcast clouds
361,Cape Canaveral,US,28.4058,-80.6048,80.98,88,100,7.81,overcast clouds
362,Boa Vista,BR,2.8197,-60.6733,78.78,83,75,2.3,broken clouds
363,Saint-Francois,FR,46.4154,3.9054,70.18,100,75,8.05,broken clouds
364,Dingle,PH,10.9995,122.6711,84.63,76,100,19.33,overcast clouds
365,Arlit,NE,18.7369,7.3853,83.88,52,87,17.16,overcast clouds
366,Sapa,PH,5.1544,120.3241,85.8,74,13,14.47,few clouds
367,Sooke,CA,48.3746,-123.7276,73.29,68,42,23.02,scattered clouds
368,Jumla,NP,29.2747,82.1838,66.92,91,91,2.95,overcast clouds
369,Jalu,LY,29.0331,21.5482,77.04,44,0,8.93,clear sky
370,Koulikoro,ML,14.0,-7.75,76.42,76,29,6.62,scattered clouds
371,Hasaki,JP,35.7333,140.8333,90.28,71,8,10.4,clear sky
372,Djambala,CG,-2.5447,14.7533,65.46,75,98,3.85,overcast clouds
373,Moroni,KM,-11.7022,43.2551,75.31,75,2,19.1,clear sky
374,Aquiraz,BR,-3.9014,-38.3911,80.69,79,26,14.72,scattered clouds
375,Tari,NG,12.4086,4.4914,75.04,86,99,8.55,overcast clouds
376,Palauig,PH,15.435,119.9045,82.09,87,100,15.66,light rain
377,Severo-Kurilsk,RU,50.6789,156.125,57.9,90,84,5.48,broken clouds
378,Batemans Bay,AU,-35.7167,150.1833,60.91,51,79,12.37,broken clouds
379,Ternate,ID,0.8,127.4,83.82,73,100,8.3,overcast clouds
380,Fort Nelson,CA,58.8053,-122.7002,69.39,43,75,5.75,broken clouds
381,Novopskov,UA,49.5464,39.0899,62.31,70,0,3.47,clear sky
382,Pontes E Lacerda,BR,-15.2261,-59.3353,71.46,46,0,2.37,clear sky
383,Belmonte,BR,-15.8631,-38.8828,66.7,77,100,10.87,overcast clouds
384,Villazon,BO,-22.0866,-65.5942,47.26,24,57,5.66,broken clouds
385,Tura,IN,25.5198,90.2201,76.84,90,88,8.84,overcast clouds
386,Pangnirtung,CA,66.1451,-65.7125,43.21,78,18,1.68,few clouds
387,Mayang Imphal,IN,24.6167,93.8833,80.65,78,75,3.44,mist
388,Alcudia,ES,39.8532,3.1214,82.2,69,42,3.58,scattered clouds
389,Ambilobe,MG,-13.2,49.05,59.95,91,8,4.25,clear sky
390,Kokopo,PG,-4.352,152.2633,86.32,63,63,8.7,broken clouds
391,Axim,GH,4.8699,-2.2405,75.31,78,93,9.19,overcast clouds
392,Byron Bay,AU,-28.65,153.6167,73.06,45,0,11.83,clear sky
393,Coro,VE,11.4045,-69.6734,78.73,86,75,15.01,broken clouds
394,Polunochnoye,RU,60.8697,60.4153,59.59,59,84,5.17,broken clouds
395,Waynesville,US,35.4887,-82.9887,72.0,88,5,3.36,clear sky
396,Malindi,KE,-3.2175,40.1191,75.54,78,11,19.86,few clouds
397,Araxa,BR,-19.5933,-46.9406,60.76,59,0,10.36,clear sky
398,Egvekinot,RU,66.3167,-179.1667,48.33,84,100,6.31,overcast clouds
399,Smithers,CA,54.7804,-127.1743,61.12,82,75,3.44,light rain
400,Nizhniy Odes,RU,63.6445,54.856,47.55,97,100,9.44,overcast clouds
401,San Cristobal,VE,7.7669,-72.225,66.33,98,84,3.8,broken clouds
402,San Policarpo,PH,12.1791,125.5072,85.89,64,98,10.04,overcast clouds
403,Durres,AL,41.3231,19.4414,62.78,63,0,4.85,clear sky
404,Rivadavia,AR,-33.1905,-68.4608,55.87,34,0,11.79,clear sky
405,Haines Junction,CA,60.7522,-137.5108,66.15,42,31,11.5,scattered clouds
406,Hami,CN,42.8,93.45,88.34,41,61,12.48,broken clouds
407,Tuatapere,NZ,-46.1333,167.6833,55.81,67,81,4.38,broken clouds
408,Kerema,PG,-7.9631,145.7785,78.06,87,100,0.51,overcast clouds
409,Makakilo City,US,21.3469,-158.0858,82.56,64,40,13.8,scattered clouds
410,Lethem,GY,3.3803,-59.7968,75.09,91,100,4.0,overcast clouds
411,Ostrovnoy,RU,68.0531,39.5131,43.21,95,100,25.32,overcast clouds
412,Salinopolis,BR,-0.6136,-47.3561,77.63,86,10,10.33,clear sky
413,Lucapa,AO,-8.4192,20.7447,60.69,40,4,3.87,clear sky
414,Bukachacha,RU,52.9833,116.9167,69.19,64,85,6.87,light rain
415,Derzhavinsk,KZ,51.1,66.3167,81.3,30,98,10.96,overcast clouds
416,Vestmannaeyjar,IS,63.4427,-20.2734,53.31,99,100,14.38,overcast clouds
417,Piacabucu,BR,-10.4056,-36.4344,71.38,88,87,8.14,overcast clouds
418,Abaete,BR,-19.16,-45.4458,57.45,61,0,3.2,clear sky
419,Autun,FR,46.95,4.3,66.65,100,100,2.77,moderate rain
420,Maceio,BR,-9.6658,-35.7353,69.24,94,75,10.36,broken clouds
421,Ankang,CN,32.68,109.0172,82.04,73,97,3.31,overcast clouds
422,Baruun-Urt,MN,46.6806,113.2792,81.07,39,9,7.31,clear sky
423,Kieta,PG,-6.2167,155.6333,84.25,71,90,5.17,light rain
424,Sevierville,US,35.8681,-83.5618,79.02,74,20,0.0,few clouds
425,Saurimo,AO,-9.6608,20.3916,56.07,43,8,5.79,clear sky
426,Williston,US,48.147,-103.618,84.61,21,0,4.54,clear sky
427,Cristalina,BR,-16.7686,-47.6136,55.58,51,16,7.2,few clouds
428,Bat Khela,PK,34.6167,71.9714,89.1,38,1,1.77,clear sky
429,Jipijapa,EC,-1.3333,-80.5833,69.3,89,73,5.06,broken clouds
430,Areosa,PT,41.7178,-8.8571,65.32,95,42,1.01,scattered clouds
431,Igrim,RU,63.1906,64.4162,59.38,60,6,7.11,clear sky
432,Qurbus,TN,36.8167,10.5687,77.34,62,0,7.99,clear sky
433,Ahipara,NZ,-35.1667,173.1667,59.27,61,1,4.88,clear sky
434,Tomatlan,MX,19.9333,-105.25,79.66,91,86,3.98,overcast clouds
435,Temiscaming,CA,46.7212,-79.0971,63.95,82,20,1.14,few clouds
436,Ann Arbor,US,42.2776,-83.7409,72.45,90,1,1.01,mist
437,Palm Harbor,US,28.0781,-82.7637,85.8,84,40,5.75,scattered clouds
438,Bharatpur,IN,27.2167,77.4833,90.55,62,94,6.46,overcast clouds
439,Emilio Carranza,MX,19.9711,-96.6114,78.1,83,0,8.66,clear sky
440,Bay Roberts,CA,47.5999,-53.2648,58.51,96,100,7.7,overcast clouds
441,Marquette,US,46.5333,-87.6335,69.67,91,82,10.96,broken clouds
442,San Vicente,AR,-26.6167,-54.1333,57.65,68,0,3.6,clear sky
443,Ust-Kuyga,RU,70.0167,135.6,69.76,45,49,7.54,scattered clouds
444,Qarqin,AF,37.4185,66.0436,92.73,11,0,4.85,clear sky
445,Tarancon,ES,40.0085,-3.0073,68.49,36,0,4.99,clear sky
446,Gandu,BR,-13.7439,-39.4867,59.76,93,80,3.27,broken clouds
447,Gamboma,CG,-1.8764,15.8644,71.94,63,36,3.53,scattered clouds
448,Mercedes,AR,-34.6515,-59.4307,63.01,81,96,7.11,overcast clouds
449,Crotone,IT,39.0851,17.1178,70.93,60,0,1.9,clear sky
450,Saldanha,ZA,-33.0117,17.9442,41.05,60,0,9.86,clear sky
451,Saint-Augustin,CA,51.226,-58.6502,49.3,91,100,10.87,overcast clouds
452,Micomeseng,GQ,2.1462,10.6164,67.84,98,99,2.17,overcast clouds
453,Stornoway,GB,58.2093,-6.3865,56.93,100,71,0.0,broken clouds
454,Bilma,NE,18.6853,12.9164,86.95,47,9,13.2,clear sky
455,Mumias,KE,0.3351,34.4864,60.67,66,68,3.18,broken clouds
456,Santa Catalina,PH,9.3337,122.8637,84.96,75,60,15.08,broken clouds
457,Rusanesti,RO,43.9333,24.6,64.85,54,63,3.51,broken clouds
458,San Matias,BO,-16.3667,-58.4,74.34,34,0,5.19,clear sky
459,Javornik,CZ,50.3908,17.0027,64.65,65,48,3.85,scattered clouds
460,Fuerte Olimpo,PY,-21.0415,-57.8738,71.82,38,0,5.75,clear sky
461,Waling,NP,27.9833,83.7667,79.52,85,94,2.1,overcast clouds
462,Qinhuangdao,CN,39.9317,119.5883,84.18,72,1,8.43,clear sky
463,Anadyr,RU,64.75,177.4833,55.9,87,90,11.01,light rain
464,Porto Santo,PT,33.072,-16.3415,71.31,78,40,12.66,scattered clouds
465,Kenora,CA,49.8167,-94.4337,79.77,61,40,4.61,smoke
466,Guerrero Negro,MX,27.9769,-114.0611,70.7,81,69,14.83,broken clouds
467,Sao Borja,BR,-28.6606,-56.0044,59.79,60,0,7.92,clear sky
468,Bow Island,CA,49.8668,-111.3684,80.62,35,3,3.44,clear sky
469,Samarai,PG,-10.6167,150.6667,81.1,82,68,11.12,broken clouds
470,Billings,US,45.7833,-108.5007,85.15,21,0,1.01,clear sky
471,Barra Patuca,HN,15.8,-84.2833,79.09,85,75,8.34,broken clouds
472,Lagoa,PT,39.05,-27.9833,69.98,95,94,12.08,overcast clouds
473,Parabel,RU,58.6978,81.4825,74.17,56,1,5.03,clear sky
474,Ugoofaaru,MV,5.6667,73.0,82.56,75,100,11.23,overcast clouds
475,Kjollefjord,NO,70.9457,27.3465,44.91,87,100,32.17,overcast clouds
476,Honiara,SB,-9.4333,159.95,83.68,81,31,4.61,scattered clouds
477,Yuzhno-Kurilsk,RU,44.0306,145.8556,68.68,83,68,9.91,broken clouds
478,Kalulushi,ZM,-12.8378,28.0919,42.76,84,41,7.47,scattered clouds
479,Kaitong,CN,44.8135,123.15,92.17,41,47,14.23,scattered clouds
480,Gigmoto,PH,13.7796,124.39,86.77,72,93,18.45,light rain
481,Natal,BR,-5.795,-35.2094,75.42,88,90,6.91,overcast clouds
482,Klyuchi,RU,52.2667,79.1667,70.84,69,100,2.62,overcast clouds
483,Lagoa Santa,BR,-19.6272,-43.8897,61.77,63,0,3.44,clear sky
484,Wanning,CN,18.8003,110.3967,87.35,67,44,4.61,scattered clouds
485,Kudahuvadhoo,MV,2.6708,72.8944,82.63,77,100,12.24,moderate rain
486,Hamilton,US,39.1834,-84.5333,74.37,78,44,2.1,scattered clouds
487,Bereda,ES,43.2686,-7.5406,61.41,93,97,5.86,overcast clouds
488,Veraval,IN,20.9,70.3667,83.21,84,92,17.38,overcast clouds
489,Hammerfest,NO,70.6634,23.6821,45.05,93,90,8.05,drizzle
490,Beruwala,LK,6.4788,79.9828,80.2,83,41,9.75,scattered clouds
491,Mizdah,LY,31.4451,12.9801,69.04,63,0,4.65,clear sky
492,Sovetskaya Gavan,RU,48.9723,140.2878,81.03,66,99,8.93,overcast clouds
493,Janakkala,FI,60.9,24.6,51.48,74,2,3.33,clear sky
494,Okmulgee,US,35.6234,-95.9605,84.92,83,1,0.0,clear sky
495,San Juan,AR,-31.5375,-68.5364,56.32,32,1,12.84,clear sky
496,Alta Floresta,BR,-9.8756,-56.0861,71.46,46,21,4.16,few clouds
497,Coihaique,CL,-45.5752,-72.0662,37.35,81,20,8.05,few clouds
498,Asau,RO,46.4333,26.4,62.76,75,98,2.19,overcast clouds
499,Rosetta,EG,31.4044,30.4164,76.82,67,0,17.67,clear sky
500,Dalnerechensk,RU,45.9339,133.7225,97.86,38,100,7.34,overcast clouds
501,Kurchum,KZ,48.5722,83.6542,76.82,49,36,5.39,scattered clouds
502,Dhidhdhoo,MV,6.8833,73.1,81.81,79,96,12.84,moderate rain
503,Kayes,ML,14.0,-11.0,75.63,84,60,5.88,broken clouds
504,Moose Factory,CA,51.2585,-80.6094,73.4,53,1,9.22,clear sky
505,Padang,ID,-0.9492,100.3543,82.45,65,99,2.66,overcast clouds
506,Poya,NC,-21.35,165.15,79.95,57,1,7.23,clear sky
507,Kokkola,FI,63.8385,23.1307,60.93,83,0,2.3,clear sky
508,Ulaanbaatar,MN,47.9077,106.8832,71.73,53,0,4.47,clear sky
509,Talnakh,RU,69.4865,88.3972,66.81,79,100,21.61,light rain
510,Zyryanskoye,RU,56.8306,86.6258,71.51,62,45,8.63,scattered clouds
511,Guarapari,BR,-20.6667,-40.4975,64.29,69,79,1.72,broken clouds
512,Kibre Mengist,ET,5.8833,38.9833,58.39,91,100,2.93,light rain
513,Bolu,TR,40.6667,31.5833,52.59,92,7,2.8,clear sky
514,Humberto De Campos,BR,-2.5983,-43.4611,73.81,86,17,3.49,few clouds
515,Qasigiannguit,GL,68.8193,-51.1922,39.83,86,100,7.07,overcast clouds
516,Murgab,TM,37.4966,61.9714,78.67,36,0,0.0,clear sky
517,Asmar,AF,35.0333,71.3581,86.79,42,2,1.16,clear sky
518,Nome,US,64.5011,-165.4064,53.17,76,26,15.9,scattered clouds
519,Ust-Nera,RU,64.5667,143.2,69.69,59,100,2.98,overcast clouds
520,Xiaoyi,CN,34.6178,109.703,87.44,52,45,6.4,scattered clouds
521,Kiruna,SE,67.8557,20.2251,41.92,81,90,2.3,overcast clouds
522,Maxixe,MZ,-23.8597,35.3472,59.49,76,61,9.84,light rain
523,Yar-Sale,RU,66.8333,70.8333,56.5,71,7,8.08,clear sky
524,Pacific Grove,US,36.6177,-121.9166,70.81,86,34,1.99,scattered clouds
525,Panzhihua,CN,26.5851,101.7128,80.89,71,97,1.1,overcast clouds
526,North Bend,US,43.4065,-124.2243,63.88,80,0,1.99,clear sky
527,Puerto Princesa,PH,9.7392,118.7353,89.38,59,98,13.65,overcast clouds
528,Jinchang,CN,38.4953,102.1739,87.01,34,20,6.53,few clouds
529,Emerald,AU,-23.5333,148.1667,74.34,28,0,13.8,clear sky
530,Husavik,IS,66.0449,-17.3389,58.91,80,82,8.75,broken clouds
531,Rio Grande,BR,-32.035,-52.0986,59.65,88,0,6.98,light rain
532,Novouzensk,RU,50.4592,48.1431,66.51,52,0,6.44,clear sky
533,Horki,BY,54.2861,30.9842,54.99,91,3,5.26,clear sky
534,Sabang,ID,5.8933,95.3214,83.61,78,98,21.18,overcast clouds
535,Durango,MX,24.8333,-104.8333,65.53,71,100,5.73,overcast clouds
536,Tecoanapa,MX,16.5167,-98.75,80.92,85,100,5.32,overcast clouds
537,Felanitx,ES,39.4696,3.1483,80.96,82,88,3.09,overcast clouds
538,Weatherford,US,32.7593,-97.7972,86.79,68,0,15.17,clear sky
539,Palmer,US,42.1584,-72.3287,65.46,82,27,3.27,scattered clouds
540,Kishi,NG,9.0833,3.85,68.47,93,85,6.8,overcast clouds
541,Chai Badan,TH,15.2,101.1333,71.83,95,100,8.48,light rain
542,Krasnorechenskiy,RU,44.6265,135.3532,93.81,41,23,2.21,few clouds
543,Lalibela,ET,12.0333,39.0333,57.11,89,100,2.51,light rain
544,Akyab,MM,20.15,92.9,84.22,82,99,13.35,overcast clouds
545,Vorotynets,RU,56.0603,45.8633,53.78,94,25,8.59,scattered clouds
546,Itapora,BR,-22.0799,-54.7874,65.48,46,0,6.67,clear sky
547,Cotonou,BJ,6.3654,2.4183,78.78,83,40,12.66,scattered clouds
548,Nerchinskiy Zavod,RU,51.3088,119.61,72.81,56,1,10.8,clear sky
549,Elizabeth City,US,36.2946,-76.2511,77.02,87,73,4.25,broken clouds
550,Angoche,MZ,-16.2325,39.9086,72.23,61,98,19.28,overcast clouds
551,Marsa Matruh,EG,31.3525,27.2453,77.2,65,0,11.5,clear sky
552,Marovoay,MG,-16.1,46.6333,64.54,77,1,5.01,clear sky
553,Shirwal,IN,18.1333,73.9833,71.78,96,100,5.14,overcast clouds
554,Zholymbet,KZ,51.7433,71.7122,77.36,33,5,6.04,clear sky
555,Dudinka,RU,69.4058,86.1778,67.86,75,100,28.43,overcast clouds
556,Kununurra,AU,-15.7667,128.7333,89.58,25,76,11.5,broken clouds
557,Aktas,KZ,49.7789,72.9608,74.95,36,0,7.87,clear sky
558,Xuchang,CN,34.0167,113.8167,83.28,72,58,6.04,broken clouds
559,Kargasok,RU,59.0556,80.8572,75.07,51,0,6.31,clear sky
560,Yumen,CN,40.2833,97.2,83.03,33,94,8.25,light rain
561,Zhengjiatun,CN,43.5064,123.5064,89.51,46,6,19.55,clear sky
562,Estelle,US,29.8458,-90.1067,88.0,69,96,4.0,overcast clouds
563,Pucara,PE,-15.9803,-71.4606,33.93,40,39,0.63,scattered clouds
564,Brae,GB,60.3964,-1.353,53.51,94,93,5.48,overcast clouds
565,De Aar,ZA,-30.6497,24.0123,27.07,79,4,8.34,clear sky
566,Santa Maria,BR,-29.6842,-53.8069,52.9,94,0,3.44,clear sky
567,Meulaboh,ID,4.1363,96.1285,82.69,71,94,2.89,light rain
568,Amherst,US,41.3978,-82.2224,73.49,78,49,1.01,scattered clouds
569,Khalkhal,IR,37.6189,48.5258,61.61,70,0,7.47,clear sky
570,Santa Luzia,BR,-19.7697,-43.8514,61.7,76,0,0.0,clear sky
571,Nogliki,RU,51.8333,143.1667,70.95,78,75,10.74,broken clouds
572,Pozo Colorado,PY,-23.4923,-58.7972,69.69,36,0,6.2,clear sky
573,Kyshtovka,RU,56.555,76.6271,74.26,66,37,5.44,scattered clouds
574,Mecca,SA,21.4267,39.8261,86.95,37,97,3.98,overcast clouds
575,Tastur,TN,36.5513,9.4431,82.02,37,0,1.74,clear sky
576,Mookane,BW,-23.688,26.6595,43.29,47,0,10.47,clear sky
577,Aykhal,RU,66.0,111.5,65.19,61,91,15.99,overcast clouds
578,Yinchuan,CN,38.4681,106.2731,84.72,44,38,7.56,scattered clouds
579,Belyy Yar,RU,53.6039,91.3903,73.29,64,0,8.95,clear sky
580,Wenling,CN,28.3669,121.36,75.85,93,100,26.6,light rain
581,Margate,GB,51.3813,1.3862,64.31,89,100,3.0,overcast clouds
582,Paoua,CF,7.2427,16.4406,66.92,96,87,3.11,overcast clouds
583,Qianan,CN,44.9932,124.0581,91.08,43,67,16.84,broken clouds
584,Bogalusa,US,30.791,-89.8487,83.7,89,1,0.0,clear sky
585,Hualmay,PE,-11.0964,-77.6139,62.6,85,31,9.26,scattered clouds
586,Severo-Yeniseyskiy,RU,60.3725,93.0408,76.17,38,3,4.38,clear sky
587,Cayenne,GF,4.9333,-52.3333,80.1,84,0,0.0,clear sky
588,Eureka,US,40.8021,-124.1637,61.2,75,1,1.01,clear sky
589,Luwuk,ID,-0.9516,122.7875,83.55,64,90,8.08,overcast clouds
590,Ardatov,RU,55.2421,43.097,54.07,86,55,6.38,broken clouds
591,Conde,BR,-7.2597,-34.9075,71.06,94,0,6.91,clear sky
592,Bose,IT,45.4612,8.0137,73.29,76,64,2.48,broken clouds
593,Sept-Iles,CA,50.2001,-66.3821,61.05,87,75,4.61,broken clouds
594,Irece,BR,-11.3042,-41.8558,63.95,78,47,14.36,scattered clouds
595,Cururupu,BR,-1.8283,-44.8683,73.02,93,5,2.77,clear sky
596,Zhezkazgan,KZ,47.8043,67.7144,85.3,26,4,3.22,clear sky
597,Kansanshi,ZM,-12.0951,26.4273,55.31,71,71,4.52,broken clouds
598,Pochutla,MX,15.7432,-96.4661,81.82,86,97,5.14,overcast clouds
599,Beira,MZ,-19.8436,34.8389,66.29,72,40,15.01,scattered clouds
600,Kyrylivka,UA,46.3759,35.3675,67.89,59,0,10.69,clear sky
601,Jacareacanga,BR,-6.2222,-57.7528,77.88,58,48,0.18,scattered clouds
602,Sandakan,MY,5.8402,118.1179,87.48,74,20,7.0,few clouds
603,Lebork,PL,54.5392,17.7501,58.91,94,0,2.95,clear sky
604,Regeneracao,BR,-6.2378,-42.6883,69.17,39,3,4.99,clear sky
605,Carballo,ES,43.213,-8.691,64.0,92,62,5.77,broken clouds
606,Hervey Bay,AU,-25.2986,152.8535,77.11,58,23,10.25,few clouds
607,Ballybofey,IE,54.8,-7.7833,61.21,95,79,0.29,broken clouds
608,Terrace,CA,54.5163,-128.6035,59.43,99,100,0.27,light rain
609,Khasan,RU,42.4308,130.6434,82.0,73,44,6.15,scattered clouds
610,Lensk,RU,60.7253,114.9278,78.04,41,4,6.6,clear sky
611,Pimentel,PE,-6.8367,-79.9342,64.99,84,79,1.99,broken clouds
612,Dinghai,CN,26.2847,119.7936,90.52,75,95,8.14,overcast clouds
613,Puerto Madryn,AR,-42.7692,-65.0385,46.74,41,47,8.05,scattered clouds
614,Kargala,RU,56.6208,83.9607,73.71,56,97,8.01,overcast clouds
615,Aleksandrovskoye,RU,44.7142,43.0008,64.54,86,46,4.72,scattered clouds
616,Yelizovo,RU,53.1873,158.3805,71.74,60,75,6.71,broken clouds
617,Srednekolymsk,RU,67.45,153.6833,67.28,38,60,6.2,broken clouds
618,Mandera,KE,3.9366,41.867,74.79,66,99,18.54,overcast clouds
619,Opuwo,NA,-18.0607,13.84,49.55,12,0,8.66,clear sky
620,Balkhash,KZ,46.844,74.9804,77.61,44,0,13.42,clear sky
621,Kaitangata,NZ,-46.2817,169.8464,52.93,60,15,6.53,few clouds
622,Manokwari,ID,-0.8667,134.0833,76.51,88,100,3.96,moderate rain
623,Rawson,AR,-43.3002,-65.1023,45.66,43,30,9.37,scattered clouds
624,Otake,JP,34.2,132.2167,85.69,69,100,3.94,overcast clouds
625,Andapa,MG,-14.65,49.65,57.47,97,33,2.95,scattered clouds
626,Arica,CL,-18.475,-70.3042,61.03,77,90,5.75,overcast clouds
627,Radchenko,RU,56.6803,36.3718,54.07,72,100,5.75,overcast clouds
628,Balkanabat,TM,39.5108,54.3671,85.87,51,0,5.93,clear sky
629,Ossora,RU,59.2353,163.0719,58.75,81,81,7.7,broken clouds
630,Bardiyah,LY,31.7561,25.0865,76.21,67,0,12.12,clear sky
631,Sheregesh,RU,52.9209,87.9869,72.32,72,58,1.7,broken clouds
632,Saskatoon,CA,52.1168,-106.6345,76.98,28,20,8.01,few clouds
633,Mazatlan,MX,23.2167,-106.4167,86.02,71,13,1.01,few clouds
634,Nueve De Julio,AR,-35.4444,-60.8831,54.55,77,99,10.92,overcast clouds
635,Menzelinsk,RU,55.7271,53.1026,61.84,58,8,8.28,clear sky
636,Nogales,MX,31.3086,-110.9422,74.35,60,93,1.99,overcast clouds
637,Uzhur,RU,55.3036,89.8339,67.57,69,100,1.81,overcast clouds
638,Arbagar,RU,51.9438,116.2805,67.08,71,63,6.17,broken clouds
639,Buraydah,SA,26.326,43.975,90.05,18,6,5.61,clear sky
640,Corner Brook,CA,48.9667,-57.9484,55.53,99,100,3.58,overcast clouds
641,Lesnoy,RU,57.6198,63.0784,63.18,70,100,1.92,overcast clouds
642,Madinat Sittah Uktubar,EG,29.8167,31.05,78.4,70,0,7.07,clear sky
643,Bilibino,RU,68.0546,166.4372,63.19,43,97,13.15,overcast clouds
644,Selizharovo,RU,56.8519,33.4487,55.29,72,100,3.04,overcast clouds
645,Baykit,RU,61.67,96.37,80.58,44,27,3.69,scattered clouds
646,Port-De-Bouc,FR,43.4,4.9833,79.02,44,0,9.22,clear sky
647,Maraa,BR,-1.8333,-65.3667,72.84,98,100,2.06,overcast clouds
648,Belgrade,RS,44.804,20.4651,64.06,78,0,3.44,clear sky
649,Sechura,PE,-5.5569,-80.8222,65.46,79,0,13.38,clear sky
650,Ponta Delgada,PT,37.7333,-25.6667,70.52,100,75,9.22,mist
651,Snasa,NO,64.2457,12.3778,50.54,92,98,1.83,overcast clouds
652,Joshimath,IN,30.5667,79.5667,78.87,68,51,4.03,broken clouds
653,Nalut,LY,30.3333,10.85,77.02,23,0,10.71,clear sky
654,Moosomin,CA,50.1333,-101.6677,64.65,41,2,9.22,clear sky
655,Neuquen,AR,-38.9516,-68.0591,46.29,49,0,2.3,light rain
656,Mount Isa,AU,-20.7333,139.5,74.97,27,2,5.75,clear sky
657,Mandawar,IN,29.5,78.1333,89.62,61,43,2.13,scattered clouds
658,Calabozo,VE,8.9242,-67.4293,73.83,97,98,1.99,overcast clouds
659,Chapais,CA,49.7834,-74.8492,58.78,67,47,3.78,scattered clouds
660,Tombouctou,ML,20.0,-3.0,87.22,43,22,10.02,few clouds
661,Bognor Regis,GB,50.7821,-0.6798,64.51,94,97,20.02,moderate rain
662,Iracoubo,GF,5.4802,-53.2011,77.29,89,59,11.05,broken clouds
663,Shimanovsk,RU,52.0,127.7,83.32,55,29,12.88,scattered clouds
664,Afsin,TR,38.2477,36.914,58.28,60,0,4.76,clear sky
665,Nizhniy Ingash,RU,56.2,96.53,76.73,44,0,13.4,clear sky
